random_graph_200_10_10.clq;39;2;3088.53
random_graph_200_10_11.clq;40;2;2324.22
random_graph_200_10_12.clq;39;2;4242.21
random_graph_200_10_13.clq;40;2;4405.7
random_graph_200_10_14.clq;39;2;2550.61
random_graph_200_10_15.clq;39;2;2788.01
random_graph_200_10_16.clq;40;2;2933.01
random_graph_200_10_17.clq;40;2;2177.47
random_graph_200_10_18.clq;38;2;3926.93
random_graph_200_10_19.clq;41;2;1343.71
random_graph_200_10_1.clq;38;2;2888.53
random_graph_200_10_20.clq;39;2;2930.53
random_graph_200_10_2.clq;39;2;3058.93
random_graph_200_10_3.clq;38;2;5457.47
random_graph_200_10_4.clq;39;2;2408.86
random_graph_200_10_5.clq;38;2;3251.98
random_graph_200_10_6.clq;38;2;4431.25
random_graph_200_10_7.clq;39;2;2015.03
random_graph_200_10_8.clq;38;2;6641.39
random_graph_200_10_9.clq;38;2;3356.61
random_graph_200_20_10.clq;25;2;1908.5
random_graph_200_20_11.clq;24;2;1701.79
random_graph_200_20_12.clq;25;2;1842.21
random_graph_200_20_13.clq;24;2;2550.05
random_graph_200_20_14.clq;25;2;1986.14
random_graph_200_20_15.clq;25;2;1915.38
random_graph_200_20_16.clq;25;2;1378.11
random_graph_200_20_17.clq;24;2;2144.6
random_graph_200_20_18.clq;24;2;2232.41
random_graph_200_20_19.clq;25;2;2087.63
random_graph_200_20_1.clq;25;2;2741.52
random_graph_200_20_20.clq;26;2;853.05
random_graph_200_20_2.clq;24;2;2230.9
random_graph_200_20_3.clq;25;2;2247.6
random_graph_200_20_4.clq;25;2;2035.1
random_graph_200_20_5.clq;25;2;1969.17
random_graph_200_20_6.clq;24;2;2612.28
random_graph_200_20_7.clq;23;2;4634.54
random_graph_200_20_8.clq;24;2;2794.26
random_graph_200_20_9.clq;25;2;1681.65
random_graph_200_30_10.clq;17;2;1042.3
random_graph_200_30_11.clq;18;2;531.06
random_graph_200_30_12.clq;17;2;1215.35
random_graph_200_30_13.clq;17;2;1063.34
random_graph_200_30_14.clq;18;2;813.78
random_graph_200_30_15.clq;18;2;759.16
random_graph_200_30_16.clq;18;2;788.7
random_graph_200_30_17.clq;18;2;692.63
random_graph_200_30_18.clq;18;2;751.58
random_graph_200_30_19.clq;18;2;647.76
random_graph_200_30_1.clq;17;2;959.65
random_graph_200_30_20.clq;18;2;626.44
random_graph_200_30_2.clq;18;2;583.57
random_graph_200_30_3.clq;18;2;875.74
random_graph_200_30_4.clq;18;2;763.78
random_graph_200_30_5.clq;18;2;736.26
random_graph_200_30_6.clq;17;2;909.69
random_graph_200_30_7.clq;17;2;979.5
random_graph_200_30_8.clq;18;2;664.51
random_graph_200_30_9.clq;17;2;794.98
random_graph_200_40_10.clq;14;2;227.95
random_graph_200_40_11.clq;14;2;266.64
random_graph_200_40_12.clq;14;2;311.31
random_graph_200_40_13.clq;13;2;255.87
random_graph_200_40_14.clq;14;2;185.44
random_graph_200_40_15.clq;14;2;240.04
random_graph_200_40_16.clq;13;2;253.63
random_graph_200_40_17.clq;13;2;266.68
random_graph_200_40_18.clq;14;2;239.4
random_graph_200_40_19.clq;14;2;157.18
random_graph_200_40_1.clq;13;2;329.65
random_graph_200_40_20.clq;14;2;192.06
random_graph_200_40_2.clq;13;2;321.54
random_graph_200_40_3.clq;14;2;189.95
random_graph_200_40_4.clq;14;2;260.38
random_graph_200_40_5.clq;14;2;314.86
random_graph_200_40_6.clq;14;2;243.2
random_graph_200_40_7.clq;14;2;190.73
random_graph_200_40_8.clq;14;2;290.43
random_graph_200_40_9.clq;14;2;281.83
random_graph_200_50_10.clq;11;2;128.78
random_graph_200_50_11.clq;11;2;153.33
random_graph_200_50_12.clq;11;2;121.8
random_graph_200_50_13.clq;11;2;107.59
random_graph_200_50_14.clq;11;2;156.15
random_graph_200_50_15.clq;11;2;147.88
random_graph_200_50_16.clq;11;2;150.39
random_graph_200_50_17.clq;11;2;151.05
random_graph_200_50_18.clq;11;2;118.47
random_graph_200_50_19.clq;10;2;156.71
random_graph_200_50_1.clq;11;2;139.09
random_graph_200_50_20.clq;11;2;148.61
random_graph_200_50_2.clq;11;2;119.13
random_graph_200_50_3.clq;11;2;120.25
random_graph_200_50_4.clq;11;2;103.52
random_graph_200_50_5.clq;11;2;132.35
random_graph_200_50_6.clq;10;2;159.45
random_graph_200_50_7.clq;11;2;125.7
random_graph_200_50_8.clq;11;2;118.19
random_graph_200_50_9.clq;11;2;131.65
random_graph_200_60_10.clq;9;2;133.04
random_graph_200_60_11.clq;9;2;125.38
random_graph_200_60_12.clq;9;2;100.1
random_graph_200_60_13.clq;9;2;140.57
random_graph_200_60_14.clq;9;2;128.34
random_graph_200_60_15.clq;9;2;98.59
random_graph_200_60_16.clq;9;2;132.78
random_graph_200_60_17.clq;8;2;155.36
random_graph_200_60_18.clq;9;2;118.21
random_graph_200_60_19.clq;9;2;99.35
random_graph_200_60_1.clq;9;2;118.74
random_graph_200_60_20.clq;9;2;135.96
random_graph_200_60_2.clq;9;2;143.31
random_graph_200_60_3.clq;9;2;115.01
random_graph_200_60_4.clq;9;2;138.58
random_graph_200_60_5.clq;9;2;147.28
random_graph_200_60_6.clq;9;2;85.26
random_graph_200_60_7.clq;9;2;103.15
random_graph_200_60_8.clq;9;2;126.89
random_graph_200_60_9.clq;9;2;130.88
random_graph_200_70_10.clq;7;2;135.02
random_graph_200_70_11.clq;8;2;66.92
random_graph_200_70_12.clq;7;2;113.44
random_graph_200_70_13.clq;7;2;57.25
random_graph_200_70_14.clq;7;2;52.79
random_graph_200_70_15.clq;7;2;49.83
random_graph_200_70_16.clq;8;2;53.31
random_graph_200_70_17.clq;7;2;58.46
random_graph_200_70_18.clq;7;2;121.44
random_graph_200_70_19.clq;7;2;59.59
random_graph_200_70_1.clq;7;2;116.91
random_graph_200_70_20.clq;8;2;62.97
random_graph_200_70_2.clq;7;2;52.74
random_graph_200_70_3.clq;7;2;57.65
random_graph_200_70_4.clq;7;2;59.6
random_graph_200_70_5.clq;7;2;49.79
random_graph_200_70_6.clq;8;2;116.68
random_graph_200_70_7.clq;7;2;59.37
random_graph_200_70_8.clq;7;2;61.09
random_graph_200_70_9.clq;7;2;62.22
random_graph_200_80_10.clq;6;2;41.05
random_graph_200_80_11.clq;6;2;32.47
random_graph_200_80_12.clq;6;2;44.12
random_graph_200_80_13.clq;5;2;49.01
random_graph_200_80_14.clq;6;2;34.63
random_graph_200_80_15.clq;6;2;33.96
random_graph_200_80_16.clq;6;2;46.24
random_graph_200_80_17.clq;6;2;32.88
random_graph_200_80_18.clq;6;2;36.52
random_graph_200_80_19.clq;6;2;44.47
random_graph_200_80_1.clq;6;2;24.8
random_graph_200_80_20.clq;7;2;48.19
random_graph_200_80_2.clq;6;2;34.65
random_graph_200_80_3.clq;6;2;38.61
random_graph_200_80_4.clq;5;2;43.93
random_graph_200_80_5.clq;6;2;57.31
random_graph_200_80_6.clq;6;2;33.63
random_graph_200_80_7.clq;6;2;32.82
random_graph_200_80_8.clq;6;2;56.77
random_graph_200_80_9.clq;5;2;29.51
random_graph_200_90_10.clq;4;2;21.28
random_graph_200_90_11.clq;4;2;21.38
random_graph_200_90_12.clq;5;2;14.34
random_graph_200_90_13.clq;4;2;21.49
random_graph_200_90_14.clq;4;2;19.98
random_graph_200_90_15.clq;4;2;5.23
random_graph_200_90_16.clq;4;2;14.8
random_graph_200_90_17.clq;5;2;19.36
random_graph_200_90_18.clq;4;2;22.48
random_graph_200_90_19.clq;4;2;22.81
random_graph_200_90_1.clq;4;2;30.61
random_graph_200_90_20.clq;4;2;22.18
random_graph_200_90_2.clq;4;2;20.6
random_graph_200_90_3.clq;5;2;14.45
random_graph_200_90_4.clq;4;2;32.46
random_graph_200_90_5.clq;4;2;21.07
random_graph_200_90_6.clq;4;2;16.17
random_graph_200_90_7.clq;4;2;22.72
random_graph_200_90_8.clq;4;2;20.34
random_graph_200_90_9.clq;4;2;20.61
